{"city":{"id":727762,"name":"Rastnik","country":"BG","coord":{"lon":25.283331,"lat":41.400002}},"time":1489458704,"data":[{"dt":1489449600,"main":{"temp":274.78,"temp_min":274.78,"temp_max":274.945,"pressure":963.8,"sea_level":1034.8,"grnd_level":963.8,"humidity":100,"temp_kf":-0.16},"weather":[{"id":500,"main":"Rain","description":"light rain","icon":"10n"}],"clouds":{"all":88},"wind":{"speed":1.21,"deg":330.503},"snow":{"3h":0.005},"rain":{"3h":0.395},"sys":{"pod":"n"},"dt_txt":"2017-03-14 00:00:00"},{"dt":1489460400,"main":{"temp":274.65,"temp_min":274.65,"temp_max":274.783,"pressure":963.99,"sea_level":1035.03,"grnd_level":963.99,"humidity":96,"temp_kf":-0.13},"weather":[{"id":500,"main":"Rain","description":"light rain","icon":"10n"}],"clouds":{"all":88},"wind":{"speed":1.05,"deg":301.003},"snow":{"3h":0},"rain":{"3h":0.225},"sys":{"pod":"n"},"dt_txt":"2017-03-14 03:00:00"},{"dt":1489471200,"main":{"temp":276.47,"temp_min":276.47,"temp_max":276.57,"pressure":965.21,"sea_level":1036.14,"grnd_level":965.21,"humidity":91,"temp_kf":-0.1},"weather":[{"id":500,"main":"Rain","description":"light rain","icon":"10d"}],"clouds":{"all":88},"wind":{"speed":1.15,"deg":317.503},"snow":{"3h":0},"rain":{"3h":0.165},"sys":{"pod":"d"},"dt_txt":"2017-03-14 06:00:00"},{"dt":1489482000,"main":{"temp":279.67,"temp_min":279.67,"temp_max":279.734,"pressure":965.95,"sea_level":1036.56,"grnd_level":965.95,"humidity":89,"temp_kf":-0.06},"weather":[{"id":500,"main":"Rain","description":"light rain","icon":"10d"}],"clouds":{"all":88},"wind":{"speed":1.23,"deg":12.0029},"snow":{"3h":0},"rain":{"3h":0.26},"sys":{"pod":"d"},"dt_txt":"2017-03-14 09:00:00"},{"dt":1489492800,"main":{"temp":281.38,"temp_min":281.38,"temp_max":281.414,"pressure":965.42,"sea_level":1035.59,"grnd_level":965.42,"humidity":83,"temp_kf":-0.03},"weather":[{"id":500,"main":"Rain","description":"light rain","icon":"10d"}],"clouds":{"all":88},"wind":{"speed":1.96,"deg":359.001},"snow":{"3h":0},"rain":{"3h":0.035},"sys":{"pod":"d"},"dt_txt":"2017-03-14 12:00:00"},{"dt":1489503600,"main":{"temp":280.907,"temp_min":280.907,"temp_max":280.907,"pressure":965.35,"sea_level":1035.48,"grnd_level":965.35,"humidity":77},"weather":[{"id":500,"main":"Rain","description":"light rain","icon":"10d"}],"clouds":{"all":80},"wind":{"speed":2.25,"deg":357.503},"snow":{"3h":0},"rain":{"3h":0.0049999999999999},"sys":{"pod":"d"},"dt_txt":"2017-03-14 15:00:00"},{"dt":1489514400,"main":{"temp":278.909,"temp_min":278.909,"temp_max":278.909,"pressure":966.64,"sea_level":1036.91,"grnd_level":966.64,"humidity":82},"weather":[{"id":500,"main":"Rain","description":"light rain","icon":"10n"}],"clouds":{"all":68},"wind":{"speed":2.53,"deg":357.502},"snow":{"3h":0},"rain":{"3h":0.035},"sys":{"pod":"n"},"dt_txt":"2017-03-14 18:00:00"},{"dt":1489525200,"main":{"temp":276.549,"temp_min":276.549,"temp_max":276.549,"pressure":966.86,"sea_level":1037.29,"grnd_level":966.86,"humidity":81},"weather":[{"id":500,"main":"Rain","description":"light rain","icon":"10n"}],"clouds":{"all":12},"wind":{"speed":2.5,"deg":339.503},"snow":{"3h":0.0005},"rain":{"3h":0.015},"sys":{"pod":"n"},"dt_txt":"2017-03-14 21:00:00"},{"dt":1489536000,"main":{"temp":273.006,"temp_min":273.006,"temp_max":273.006,"pressure":966.42,"sea_level":1037.1,"grnd_level":966.42,"humidity":89},"weather":[{"id":800,"main":"Clear","description":"sky is clear","icon":"01n"}],"clouds":{"all":0},"wind":{"speed":1.86,"deg":324.002},"snow":{"3h":0},"rain":{"3h":0},"sys":{"pod":"n"},"dt_txt":"2017-03-15 00:00:00"},{"dt":1489546800,"main":{"temp":269.575,"temp_min":269.575,"temp_max":269.575,"pressure":966.01,"sea_level":1036.94,"grnd_level":966.01,"humidity":86},"weather":[{"id":800,"main":"Clear","description":"sky is clear","icon":"01n"}],"clouds":{"all":0},"wind":{"speed":1.11,"deg":358.504},"snow":{"3h":0},"rain":{"3h":0},"sys":{"pod":"n"},"dt_txt":"2017-03-15 03:00:00"},{"dt":1489557600,"main":{"temp":273.092,"temp_min":273.092,"temp_max":273.092,"pressure":967,"sea_level":1038.07,"grnd_level":967,"humidity":86},"weather":[{"id":800,"main":"Clear","description":"sky is clear","icon":"01d"}],"clouds":{"all":0},"wind":{"speed":1.09,"deg":24.5016},"snow":{"3h":0},"rain":{"3h":0},"sys":{"pod":"d"},"dt_txt":"2017-03-15 06:00:00"},{"dt":1489568400,"main":{"temp":281.065,"temp_min":281.065,"temp_max":281.065,"pressure":967.61,"sea_level":1038.12,"grnd_level":967.61,"humidity":77},"weather":[{"id":500,"main":"Rain","description":"light rain","icon":"10d"}],"clouds":{"all":20},"wind":{"speed":1.96,"deg":27.0013},"snow":{"3h":0},"rain":{"3h":0.015000000000001},"sys":{"pod":"d"},"dt_txt":"2017-03-15 09:00:00"},{"dt":1489579200,"main":{"temp":281.501,"temp_min":281.501,"temp_max":281.501,"pressure":966.39,"sea_level":1036.39,"grnd_level":966.39,"humidity":73},"weather":[{"id":500,"main":"Rain","description":"light rain","icon":"10d"}],"clouds":{"all":56},"wind":{"speed":2.06,"deg":34.0002},"snow":{"3h":0},"rain":{"3h":0.035},"sys":{"pod":"d"},"dt_txt":"2017-03-15 12:00:00"},{"dt":1489590000,"main":{"temp":281.128,"temp_min":281.128,"temp_max":281.128,"pressure":965.18,"sea_level":1035.16,"grnd_level":965.18,"humidity":69},"weather":[{"id":500,"main":"Rain","description":"light rain","icon":"10d"}],"clouds":{"all":88},"wind":{"speed":1.12,"deg":24.0005},"snow":{"3h":0},"rain":{"3h":0.2},"sys":{"pod":"d"},"dt_txt":"2017-03-15 15:00:00"},{"dt":1489600800,"main":{"temp":278.205,"temp_min":278.205,"temp_max":278.205,"pressure":965.37,"sea_level":1035.69,"grnd_level":965.37,"humidity":88},"weather":[{"id":500,"main":"Rain","description":"light rain","icon":"10n"}],"clouds":{"all":88},"wind":{"speed":0.41,"deg":138.501},"snow":{"3h":0},"rain":{"3h":0.205},"sys":{"pod":"n"},"dt_txt":"2017-03-15 18:00:00"},{"dt":1489611600,"main":{"temp":276.05,"temp_min":276.05,"temp_max":276.05,"pressure":965.1,"sea_level":1035.54,"grnd_level":965.1,"humidity":100},"weather":[{"id":500,"main":"Rain","description":"light rain","icon":"10n"}],"clouds":{"all":76},"wind":{"speed":0.31,"deg":29.0036},"snow":{"3h":0},"rain":{"3h":0.45},"sys":{"pod":"n"},"dt_txt":"2017-03-15 21:00:00"},{"dt":1489622400,"main":{"temp":273.874,"temp_min":273.874,"temp_max":273.874,"pressure":963.75,"sea_level":1034.36,"grnd_level":963.75,"humidity":100},"weather":[{"id":500,"main":"Rain","description":"light rain","icon":"10n"}],"clouds":{"all":48},"wind":{"speed":0.24,"deg":50.0033},"snow":{"3h":0},"rain":{"3h":0.33},"sys":{"pod":"n"},"dt_txt":"2017-03-16 00:00:00"},{"dt":1489633200,"main":{"temp":271.208,"temp_min":271.208,"temp_max":271.208,"pressure":962.58,"sea_level":1033.28,"grnd_level":962.58,"humidity":93},"weather":[{"id":803,"main":"Clouds","description":"broken clouds","icon":"04n"}],"clouds":{"all":56},"wind":{"speed":1.06,"deg":344.002},"snow":{"3h":0},"rain":{"3h":0},"sys":{"pod":"n"},"dt_txt":"2017-03-16 03:00:00"},{"dt":1489644000,"main":{"temp":275.233,"temp_min":275.233,"temp_max":275.233,"pressure":962.54,"sea_level":1033.27,"grnd_level":962.54,"humidity":84},"weather":[{"id":802,"main":"Clouds","description":"scattered clouds","icon":"03d"}],"clouds":{"all":32},"wind":{"speed":1.18,"deg":328},"snow":{"3h":0},"rain":{"3h":0},"sys":{"pod":"d"},"dt_txt":"2017-03-16 06:00:00"},{"dt":1489654800,"main":{"temp":282.539,"temp_min":282.539,"temp_max":282.539,"pressure":962.31,"sea_level":1032.32,"grnd_level":962.31,"humidity":69},"weather":[{"id":500,"main":"Rain","description":"light rain","icon":"10d"}],"clouds":{"all":12},"wind":{"speed":2.06,"deg":13.0006},"snow":{"3h":0},"rain":{"3h":0.0099999999999998},"sys":{"pod":"d"},"dt_txt":"2017-03-16 09:00:00"},{"dt":1489665600,"main":{"temp":282.365,"temp_min":282.365,"temp_max":282.365,"pressure":961.14,"sea_level":1030.68,"grnd_level":961.14,"humidity":63},"weather":[{"id":803,"main":"Clouds","description":"broken clouds","icon":"04d"}],"clouds":{"all":64},"wind":{"speed":2.75,"deg":348.002},"snow":{"3h":0},"rain":{"3h":0},"sys":{"pod":"d"},"dt_txt":"2017-03-16 12:00:00"},{"dt":1489676400,"main":{"temp":282.077,"temp_min":282.077,"temp_max":282.077,"pressure":959.96,"sea_level":1029.49,"grnd_level":959.96,"humidity":56},"weather":[{"id":500,"main":"Rain","description":"light rain","icon":"10d"}],"clouds":{"all":32},"wind":{"speed":3.28,"deg":341.5},"snow":{"3h":0},"rain":{"3h":0.010000000000001},"sys":{"pod":"d"},"dt_txt":"2017-03-16 15:00:00"},{"dt":1489687200,"main":{"temp":277.96,"temp_min":277.96,"temp_max":277.96,"pressure":960.2,"sea_level":1030.07,"grnd_level":960.2,"humidity":59},"weather":[{"id":801,"main":"Clouds","description":"few clouds","icon":"02n"}],"clouds":{"all":20},"wind":{"speed":2.79,"deg":344.503},"snow":{"3h":0},"rain":{"3h":0},"sys":{"pod":"n"},"dt_txt":"2017-03-16 18:00:00"},{"dt":1489698000,"main":{"temp":275.656,"temp_min":275.656,"temp_max":275.656,"pressure":959.45,"sea_level":1029.67,"grnd_level":959.45,"humidity":78},"weather":[{"id":500,"main":"Rain","description":"light rain","icon":"10n"}],"clouds":{"all":0},"wind":{"speed":2.33,"deg":325.501},"snow":{"3h":0},"rain":{"3h":0.05},"sys":{"pod":"n"},"dt_txt":"2017-03-16 21:00:00"},{"dt":1489708800,"main":{"temp":274.653,"temp_min":274.653,"temp_max":274.653,"pressure":959.08,"sea_level":1029.84,"grnd_level":959.08,"humidity":90},"weather":[{"id":500,"main":"Rain","description":"light rain","icon":"10n"}],"clouds":{"all":20},"wind":{"speed":3.97,"deg":355.5},"snow":{"3h":0.0475},"rain":{"3h":0.23},"sys":{"pod":"n"},"dt_txt":"2017-03-17 00:00:00"},{"dt":1489719600,"main":{"temp":274.539,"temp_min":274.539,"temp_max":274.539,"pressure":959.55,"sea_level":1030.53,"grnd_level":959.55,"humidity":86},"weather":[{"id":500,"main":"Rain","description":"light rain","icon":"10n"}],"clouds":{"all":36},"wind":{"speed":4.33,"deg":9.0043},"snow":{"3h":0.3725},"rain":{"3h":0.07},"sys":{"pod":"n"},"dt_txt":"2017-03-17 03:00:00"},{"dt":1489730400,"main":{"temp":275.94,"temp_min":275.94,"temp_max":275.94,"pressure":960.18,"sea_level":1031.21,"grnd_level":960.18,"humidity":68},"weather":[{"id":800,"main":"Clear","description":"sky is clear","icon":"01d"}],"clouds":{"all":0},"wind":{"speed":4.32,"deg":1.50052},"snow":{"3h":0},"rain":{"3h":0},"sys":{"pod":"d"},"dt_txt":"2017-03-17 06:00:00"},{"dt":1489741200,"main":{"temp":278.712,"temp_min":278.712,"temp_max":278.712,"pressure":961.2,"sea_level":1031.54,"grnd_level":961.2,"humidity":59},"weather":[{"id":801,"main":"Clouds","description":"few clouds","icon":"02d"}],"clouds":{"all":12},"wind":{"speed":5.37,"deg":7.50165},"snow":{"3h":0},"rain":{"3h":0},"sys":{"pod":"d"},"dt_txt":"2017-03-17 09:00:00"},{"dt":1489752000,"main":{"temp":279.399,"temp_min":279.399,"temp_max":279.399,"pressure":961,"sea_level":1031.24,"grnd_level":961,"humidity":55},"weather":[{"id":500,"main":"Rain","description":"light rain","icon":"10d"}],"clouds":{"all":48},"wind":{"speed":5.03,"deg":7.50098},"snow":{"3h":0},"rain":{"3h":0.02},"sys":{"pod":"d"},"dt_txt":"2017-03-17 12:00:00"},{"dt":1489762800,"main":{"temp":277.665,"temp_min":277.665,"temp_max":277.665,"pressure":961.8,"sea_level":1032.09,"grnd_level":961.8,"humidity":60},"weather":[{"id":500,"main":"Rain","description":"light rain","icon":"10d"}],"clouds":{"all":36},"wind":{"speed":4.77,"deg":9.5014},"snow":{"3h":0.015},"rain":{"3h":0.090000000000001},"sys":{"pod":"d"},"dt_txt":"2017-03-17 15:00:00"},{"dt":1489773600,"main":{"temp":275.765,"temp_min":275.765,"temp_max":275.765,"pressure":963.08,"sea_level":1033.87,"grnd_level":963.08,"humidity":67},"weather":[{"id":800,"main":"Clear","description":"sky is clear","icon":"01n"}],"clouds":{"all":8},"wind":{"speed":4.02,"deg":16.0023},"snow":{"3h":0.0125},"rain":{"3h":0},"sys":{"pod":"n"},"dt_txt":"2017-03-17 18:00:00"},{"dt":1489784400,"main":{"temp":273.933,"temp_min":273.933,"temp_max":273.933,"pressure":963.65,"sea_level":1034.72,"grnd_level":963.65,"humidity":76},"weather":[{"id":800,"main":"Clear","description":"sky is clear","icon":"01n"}],"clouds":{"all":0},"wind":{"speed":3.46,"deg":10.0061},"snow":{"3h":0},"rain":{"3h":0},"sys":{"pod":"n"},"dt_txt":"2017-03-17 21:00:00"},{"dt":1489795200,"main":{"temp":271.769,"temp_min":271.769,"temp_max":271.769,"pressure":963.16,"sea_level":1034.51,"grnd_level":963.16,"humidity":86},"weather":[{"id":800,"main":"Clear","description":"sky is clear","icon":"01n"}],"clouds":{"all":0},"wind":{"speed":2.29,"deg":0.00213623},"snow":{"3h":0},"rain":{"3h":0},"sys":{"pod":"n"},"dt_txt":"2017-03-18 00:00:00"},{"dt":1489806000,"main":{"temp":268.818,"temp_min":268.818,"temp_max":268.818,"pressure":962.54,"sea_level":1033.93,"grnd_level":962.54,"humidity":83},"weather":[{"id":800,"main":"Clear","description":"sky is clear","icon":"01n"}],"clouds":{"all":0},"wind":{"speed":1.59,"deg":343.502},"snow":{"3h":0},"rain":{"3h":0},"sys":{"pod":"n"},"dt_txt":"2017-03-18 03:00:00"},{"dt":1489816800,"main":{"temp":271.955,"temp_min":271.955,"temp_max":271.955,"pressure":962.86,"sea_level":1034.23,"grnd_level":962.86,"humidity":77},"weather":[{"id":800,"main":"Clear","description":"sky is clear","icon":"01d"}],"clouds":{"all":0},"wind":{"speed":1.04,"deg":329},"snow":{"3h":0},"rain":{"3h":0},"sys":{"pod":"d"},"dt_txt":"2017-03-18 06:00:00"},{"dt":1489827600,"main":{"temp":280.758,"temp_min":280.758,"temp_max":280.758,"pressure":963.07,"sea_level":1033.41,"grnd_level":963.07,"humidity":55},"weather":[{"id":800,"main":"Clear","description":"sky is clear","icon":"01d"}],"clouds":{"all":0},"wind":{"speed":0.56,"deg":265.002},"snow":{"3h":0},"rain":{"3h":0},"sys":{"pod":"d"},"dt_txt":"2017-03-18 09:00:00"},{"dt":1489838400,"main":{"temp":283.173,"temp_min":283.173,"temp_max":283.173,"pressure":960.96,"sea_level":1030.71,"grnd_level":960.96,"humidity":46},"weather":[{"id":801,"main":"Clouds","description":"few clouds","icon":"02d"}],"clouds":{"all":12},"wind":{"speed":1.41,"deg":234.501},"snow":{"3h":0},"rain":{"3h":0},"sys":{"pod":"d"},"dt_txt":"2017-03-18 12:00:00"},{"dt":1489849200,"main":{"temp":283.01,"temp_min":283.01,"temp_max":283.01,"pressure":959.69,"sea_level":1029.28,"grnd_level":959.69,"humidity":42},"weather":[{"id":801,"main":"Clouds","description":"few clouds","icon":"02d"}],"clouds":{"all":24},"wind":{"speed":1.51,"deg":224.5},"snow":{"3h":0},"rain":{"3h":0},"sys":{"pod":"d"},"dt_txt":"2017-03-18 15:00:00"},{"dt":1489860000,"main":{"temp":274.849,"temp_min":274.849,"temp_max":274.849,"pressure":959.81,"sea_level":1029.63,"grnd_level":959.81,"humidity":64},"weather":[{"id":802,"main":"Clouds","description":"scattered clouds","icon":"03n"}],"clouds":{"all":32},"wind":{"speed":0.52,"deg":162.502},"snow":{"3h":0},"rain":{"3h":0},"sys":{"pod":"n"},"dt_txt":"2017-03-18 18:00:00"},{"dt":1489870800,"main":{"temp":273.444,"temp_min":273.444,"temp_max":273.444,"pressure":960.26,"sea_level":1030.3,"grnd_level":960.26,"humidity":81},"weather":[{"id":500,"main":"Rain","description":"light rain","icon":"10n"}],"clouds":{"all":64},"wind":{"speed":0.83,"deg":219.511},"snow":{"3h":0},"rain":{"3h":0.029999999999999},"sys":{"pod":"n"},"dt_txt":"2017-03-18 21:00:00"}]}
{"city":{"id":596826,"name":"Murava","country":"LT","coord":{"lon":23.966669,"lat":54.916672}},"time":1489458705,"data":[{"dt":1489449600,"main":{"temp":275.15,"temp_min":274.345,"temp_max":275.15,"pressure":1029.62,"sea_level":1039.75,"grnd_level":1029.62,"humidity":91,"temp_kf":0.8},"weather":[{"id":500,"main":"Rain","description":"light rain","icon":"10n"}],"clouds":{"all":88},"wind":{"speed":1.41,"deg":294.503},"snow":{"3h":0},"rain":{"3h":0.075},"sys":{"pod":"n"},"dt_txt":"2017-03-14 00:00:00"},{"dt":1489460400,"main":{"temp":274.63,"temp_min":273.983,"temp_max":274.63,"pressure":1029.32,"sea_level":1039.33,"grnd_level":1029.32,"humidity":96,"temp_kf":0.64},"weather":[{"id":500,"main":"Rain","description":"light rain","icon":"10n"}],"clouds":{"all":80},"wind":{"speed":1.4,"deg":274.503},"snow":{"3h":0},"rain":{"3h":0.205},"sys":{"pod":"n"},"dt_txt":"2017-03-14 03:00:00"},{"dt":1489471200,"main":{"temp":274.4,"temp_min":273.92,"temp_max":274.4,"pressure":1029.41,"sea_level":1039.5,"grnd_level":1029.41,"humidity":97,"temp_kf":0.48},"weather":[{"id":500,"main":"Rain","description":"light rain","icon":"10d"}],"clouds":{"all":92},"wind":{"speed":1.35,"deg":250.503},"snow":{"3h":0},"rain":{"3h":0.045},"sys":{"pod":"d"},"dt_txt":"2017-03-14 06:00:00"},{"dt":1489482000,"main":{"temp":277.81,"temp_min":277.484,"temp_max":277.81,"pressure":1029.66,"sea_level":1039.56,"grnd_level":1029.66,"humidity":95,"temp_kf":0.32},"weather":[{"id":500,"main":"Rain","description":"light rain","icon":"10d"}],"clouds":{"all":56},"wind":{"speed":2.08,"deg":249.503},"snow":{"3h":0},"rain":{"3h":0.03},"sys":{"pod":"d"},"dt_txt":"2017-03-14 09:00:00"},{"dt":1489492800,"main":{"temp":278.83,"temp_min":278.664,"temp_max":278.83,"pressure":1028.89,"sea_level":1038.71,"grnd_level":1028.89,"humidity":84,"temp_kf":0.16},"weather":[{"id":500,"main":"Rain","description":"light rain","icon":"10d"}],"clouds":{"all":36},"wind":{"speed":2.76,"deg":233.001},"snow":{"3h":0},"rain":{"3h":0.005},"sys":{"pod":"d"},"dt_txt":"2017-03-14 12:00:00"},{"dt":1489503600,"main":{"temp":278.607,"temp_min":278.607,"temp_max":278.607,"pressure":1027.77,"sea_level":1037.67,"grnd_level":1027.77,"humidity":77},"weather":[{"id":801,"main":"Clouds","description":"few clouds","icon":"02d"}],"clouds":{"all":12},"wind":{"speed":3.65,"deg":226.503},"snow":{"3h":0},"rain":{"3h":0},"sys":{"pod":"d"},"dt_txt":"2017-03-14 15:00:00"},{"dt":1489514400,"main":{"temp":274.159,"temp_min":274.159,"temp_max":274.159,"pressure":1026.95,"sea_level":1036.99,"grnd_level":1026.95,"humidity":82},"weather":[{"id":800,"main":"Clear","description":"sky is clear","icon":"01n"}],"clouds":{"all":0},"wind":{"speed":3.13,"deg":205.502},"snow":{"3h":0},"rain":{"3h":0},"sys":{"pod":"n"},"dt_txt":"2017-03-14 18:00:00"},{"dt":1489525200,"main":{"temp":273.349,"temp_min":273.349,"temp_max":273.349,"pressure":1024.97,"sea_level":1035.11,"grnd_level":1024.97,"humidity":85},"weather":[{"id":802,"main":"Clouds","description":"scattered clouds","icon":"03n"}],"clouds":{"all":48},"wind":{"speed":5.2,"deg":209.503},"snow":{"3h":0},"rain":{"3h":0},"sys":{"pod":"n"},"dt_txt":"2017-03-14 21:00:00"},{"dt":1489536000,"main":{"temp":274.631,"temp_min":274.631,"temp_max":274.631,"pressure":1022.27,"sea_level":1032.24,"grnd_level":1022.27,"humidity":94},"weather":[{"id":500,"main":"Rain","description":"light rain","icon":"10n"}],"clouds":{"all":44},"wind":{"speed":5.56,"deg":216.002},"snow":{"3h":0},"rain":{"3h":0.025},"sys":{"pod":"n"},"dt_txt":"2017-03-15 00:00:00"},{"dt":1489546800,"main":{"temp":275.625,"temp_min":275.625,"temp_max":275.625,"pressure":1018.37,"sea_level":1028.35,"grnd_level":1018.37,"humidity":98},"weather":[{"id":500,"main":"Rain","description":"light rain","icon":"10n"}],"clouds":{"all":92},"wind":{"speed":7.51,"deg":213.004},"snow":{"3h":0},"rain":{"3h":0.61},"sys":{"pod":"n"},"dt_txt":"2017-03-15 03:00:00"},{"dt":1489557600,"main":{"temp":276.692,"temp_min":276.692,"temp_max":276.692,"pressure":1014.74,"sea_level":1024.74,"grnd_level":1014.74,"humidity":97},"weather":[{"id":500,"main":"Rain","description":"light rain","icon":"10d"}],"clouds":{"all":92},"wind":{"speed":8.29,"deg":227.002},"snow":{"3h":0},"rain":{"3h":1.535},"sys":{"pod":"d"},"dt_txt":"2017-03-15 06:00:00"},{"dt":1489568400,"main":{"temp":278.515,"temp_min":278.515,"temp_max":278.515,"pressure":1013.74,"sea_level":1023.56,"grnd_level":1013.74,"humidity":97},"weather":[{"id":500,"main":"Rain","description":"light rain","icon":"10d"}],"clouds":{"all":76},"wind":{"speed":9.81,"deg":270.501},"snow":{"3h":0},"rain":{"3h":0.595},"sys":{"pod":"d"},"dt_txt":"2017-03-15 09:00:00"},{"dt":1489579200,"main":{"temp":279.301,"temp_min":279.301,"temp_max":279.301,"pressure":1013.89,"sea_level":1023.63,"grnd_level":1013.89,"humidity":87},"weather":[{"id":500,"main":"Rain","description":"light rain","icon":"10d"}],"clouds":{"all":68},"wind":{"speed":9.41,"deg":283},"snow":{"3h":0},"rain":{"3h":0.075},"sys":{"pod":"d"},"dt_txt":"2017-03-15 12:00:00"},{"dt":1489590000,"main":{"temp":279.678,"temp_min":279.678,"temp_max":279.678,"pressure":1014.3,"sea_level":1024.13,"grnd_level":1014.3,"humidity":75},"weather":[{"id":500,"main":"Rain","description":"light rain","icon":"10d"}],"clouds":{"all":24},"wind":{"speed":8.67,"deg":286.501},"snow":{"3h":0},"rain":{"3h":0.0050000000000003},"sys":{"pod":"d"},"dt_txt":"2017-03-15 15:00:00"},{"dt":1489600800,"main":{"temp":276.805,"temp_min":276.805,"temp_max":276.805,"pressure":1015.23,"sea_level":1025.07,"grnd_level":1015.23,"humidity":78},"weather":[{"id":800,"main":"Clear","description":"sky is clear","icon":"01n"}],"clouds":{"all":0},"wind":{"speed":6.86,"deg":275.001},"snow":{"3h":0},"rain":{"3h":0},"sys":{"pod":"n"},"dt_txt":"2017-03-15 18:00:00"},{"dt":1489611600,"main":{"temp":275.05,"temp_min":275.05,"temp_max":275.05,"pressure":1014.38,"sea_level":1024.23,"grnd_level":1014.38,"humidity":88},"weather":[{"id":801,"main":"Clouds","description":"few clouds","icon":"02n"}],"clouds":{"all":20},"wind":{"speed":6.21,"deg":260.004},"snow":{"3h":0},"rain":{"3h":0},"sys":{"pod":"n"},"dt_txt":"2017-03-15 21:00:00"},{"dt":1489622400,"main":{"temp":274.274,"temp_min":274.274,"temp_max":274.274,"pressure":1013.69,"sea_level":1023.62,"grnd_level":1013.69,"humidity":95},"weather":[{"id":500,"main":"Rain","description":"light rain","icon":"10n"}],"clouds":{"all":88},"wind":{"speed":4.59,"deg":277.503},"snow":{"3h":0.039},"rain":{"3h":0.16},"sys":{"pod":"n"},"dt_txt":"2017-03-16 00:00:00"},{"dt":1489633200,"main":{"temp":275.058,"temp_min":275.058,"temp_max":275.058,"pressure":1014.13,"sea_level":1024.04,"grnd_level":1014.13,"humidity":92},"weather":[{"id":500,"main":"Rain","description":"light rain","icon":"10n"}],"clouds":{"all":32},"wind":{"speed":4.36,"deg":291.502},"snow":{"3h":0.325},"rain":{"3h":0.265},"sys":{"pod":"n"},"dt_txt":"2017-03-16 03:00:00"},{"dt":1489644000,"main":{"temp":274.133,"temp_min":274.133,"temp_max":274.133,"pressure":1015.87,"sea_level":1025.94,"grnd_level":1015.87,"humidity":92},"weather":[{"id":800,"main":"Clear","description":"sky is clear","icon":"01d"}],"clouds":{"all":0},"wind":{"speed":4.38,"deg":314},"snow":{"3h":5.5511151231258e-17},"rain":{"3h":0},"sys":{"pod":"d"},"dt_txt":"2017-03-16 06:00:00"},{"dt":1489654800,"main":{"temp":279.589,"temp_min":279.589,"temp_max":279.589,"pressure":1018.65,"sea_level":1028.47,"grnd_level":1018.65,"humidity":89},"weather":[{"id":800,"main":"Clear","description":"sky is clear","icon":"01d"}],"clouds":{"all":0},"wind":{"speed":4.76,"deg":342.001},"snow":{"3h":0},"rain":{"3h":0},"sys":{"pod":"d"},"dt_txt":"2017-03-16 09:00:00"},{"dt":1489665600,"main":{"temp":281.915,"temp_min":281.915,"temp_max":281.915,"pressure":1020.56,"sea_level":1030.27,"grnd_level":1020.56,"humidity":78},"weather":[{"id":800,"main":"Clear","description":"sky is clear","icon":"01d"}],"clouds":{"all":0},"wind":{"speed":4.3,"deg":331.002},"snow":{"3h":0},"rain":{"3h":0},"sys":{"pod":"d"},"dt_txt":"2017-03-16 12:00:00"},{"dt":1489676400,"main":{"temp":281.177,"temp_min":281.177,"temp_max":281.177,"pressure":1021.81,"sea_level":1031.6,"grnd_level":1021.81,"humidity":67},"weather":[{"id":800,"main":"Clear","description":"sky is clear","icon":"01d"}],"clouds":{"all":0},"wind":{"speed":4.13,"deg":316},"snow":{"3h":0},"rain":{"3h":0},"sys":{"pod":"d"},"dt_txt":"2017-03-16 15:00:00"},{"dt":1489687200,"main":{"temp":275.36,"temp_min":275.36,"temp_max":275.36,"pressure":1023.18,"sea_level":1033.11,"grnd_level":1023.18,"humidity":78},"weather":[{"id":800,"main":"Clear","description":"sky is clear","icon":"01n"}],"clouds":{"all":0},"wind":{"speed":3.16,"deg":273.503},"snow":{"3h":0},"rain":{"3h":0},"sys":{"pod":"n"},"dt_txt":"2017-03-16 18:00:00"},{"dt":1489698000,"main":{"temp":272.506,"temp_min":272.506,"temp_max":272.506,"pressure":1023.65,"sea_level":1033.73,"grnd_level":1023.65,"humidity":90},"weather":[{"id":800,"main":"Clear","description":"sky is clear","icon":"01n"}],"clouds":{"all":0},"wind":{"speed":3.71,"deg":260.501},"snow":{"3h":0},"rain":{"3h":0},"sys":{"pod":"n"},"dt_txt":"2017-03-16 21:00:00"},{"dt":1489708800,"main":{"temp":271.303,"temp_min":271.303,"temp_max":271.303,"pressure":1023.12,"sea_level":1033.36,"grnd_level":1023.12,"humidity":89},"weather":[{"id":800,"main":"Clear","description":"sky is clear","icon":"01n"}],"clouds":{"all":0},"wind":{"speed":4.22,"deg":229},"snow":{"3h":0},"rain":{"3h":0},"sys":{"pod":"n"},"dt_txt":"2017-03-17 00:00:00"},{"dt":1489719600,"main":{"temp":271.639,"temp_min":271.639,"temp_max":271.639,"pressure":1021.88,"sea_level":1031.98,"grnd_level":1021.88,"humidity":87},"weather":[{"id":800,"main":"Clear","description":"sky is clear","icon":"01n"}],"clouds":{"all":0},"wind":{"speed":5.28,"deg":219.504},"snow":{"3h":0},"rain":{"3h":0},"sys":{"pod":"n"},"dt_txt":"2017-03-17 03:00:00"},{"dt":1489730400,"main":{"temp":273.99,"temp_min":273.99,"temp_max":273.99,"pressure":1020.32,"sea_level":1030.28,"grnd_level":1020.32,"humidity":88},"weather":[{"id":802,"main":"Clouds","description":"scattered clouds","icon":"03d"}],"clouds":{"all":44},"wind":{"speed":6.62,"deg":215.001},"snow":{"3h":0},"rain":{"3h":0},"sys":{"pod":"d"},"dt_txt":"2017-03-17 06:00:00"},{"dt":1489741200,"main":{"temp":279.512,"temp_min":279.512,"temp_max":279.512,"pressure":1018.59,"sea_level":1028.3,"grnd_level":1018.59,"humidity":86},"weather":[{"id":802,"main":"Clouds","description":"scattered clouds","icon":"03d"}],"clouds":{"all":48},"wind":{"speed":8.87,"deg":222.502},"snow":{"3h":0},"rain":{"3h":0},"sys":{"pod":"d"},"dt_txt":"2017-03-17 09:00:00"},{"dt":1489752000,"main":{"temp":281.449,"temp_min":281.449,"temp_max":281.449,"pressure":1016.6,"sea_level":1026.25,"grnd_level":1016.6,"humidity":80},"weather":[{"id":802,"main":"Clouds","description":"scattered clouds","icon":"03d"}],"clouds":{"all":44},"wind":{"speed":10.03,"deg":226.001},"snow":{"3h":0},"rain":{"3h":0},"sys":{"pod":"d"},"dt_txt":"2017-03-17 12:00:00"},{"dt":1489762800,"main":{"temp":281.115,"temp_min":281.115,"temp_max":281.115,"pressure":1014.16,"sea_level":1023.94,"grnd_level":1014.16,"humidity":77},"weather":[{"id":803,"main":"Clouds","description":"broken clouds","icon":"04d"}],"clouds":{"all":80},"wind":{"speed":9.27,"deg":221.501},"snow":{"3h":0},"rain":{"3h":0},"sys":{"pod":"d"},"dt_txt":"2017-03-17 15:00:00"},{"dt":1489773600,"main":{"temp":279.765,"temp_min":279.765,"temp_max":279.765,"pressure":1012.2,"sea_level":1021.95,"grnd_level":1012.2,"humidity":79},"weather":[{"id":500,"main":"Rain","description":"light rain","icon":"10n"}],"clouds":{"all":92},"wind":{"speed":8.72,"deg":217.502},"snow":{"3h":0},"rain":{"3h":0.07},"sys":{"pod":"n"},"dt_txt":"2017-03-17 18:00:00"},{"dt":1489784400,"main":{"temp":279.133,"temp_min":279.133,"temp_max":279.133,"pressure":1009.77,"sea_level":1019.48,"grnd_level":1009.77,"humidity":91},"weather":[{"id":500,"main":"Rain","description":"light rain","icon":"10n"}],"clouds":{"all":92},"wind":{"speed":8.36,"deg":214.006},"snow":{"3h":0},"rain":{"3h":0.55},"sys":{"pod":"n"},"dt_txt":"2017-03-17 21:00:00"},{"dt":1489795200,"main":{"temp":278.769,"temp_min":278.769,"temp_max":278.769,"pressure":1007.99,"sea_level":1017.85,"grnd_level":1007.99,"humidity":97},"weather":[{"id":500,"main":"Rain","description":"light rain","icon":"10n"}],"clouds":{"all":92},"wind":{"speed":5.29,"deg":243.002},"snow":{"3h":0},"rain":{"3h":1.07},"sys":{"pod":"n"},"dt_txt":"2017-03-18 00:00:00"},{"dt":1489806000,"main":{"temp":276.368,"temp_min":276.368,"temp_max":276.368,"pressure":1007.69,"sea_level":1017.52,"grnd_level":1007.69,"humidity":96},"weather":[{"id":500,"main":"Rain","description":"light rain","icon":"10n"}],"clouds":{"all":92},"wind":{"speed":4.22,"deg":271.502},"snow":{"3h":0},"rain":{"3h":1.72},"sys":{"pod":"n"},"dt_txt":"2017-03-18 03:00:00"},{"dt":1489816800,"main":{"temp":276.305,"temp_min":276.305,"temp_max":276.305,"pressure":1007.85,"sea_level":1017.7,"grnd_level":1007.85,"humidity":100},"weather":[{"id":500,"main":"Rain","description":"light rain","icon":"10d"}],"clouds":{"all":92},"wind":{"speed":5.89,"deg":264},"snow":{"3h":0},"rain":{"3h":0.61},"sys":{"pod":"d"},"dt_txt":"2017-03-18 06:00:00"},{"dt":1489827600,"main":{"temp":278.108,"temp_min":278.108,"temp_max":278.108,"pressure":1008.54,"sea_level":1018.26,"grnd_level":1008.54,"humidity":94},"weather":[{"id":500,"main":"Rain","description":"light rain","icon":"10d"}],"clouds":{"all":56},"wind":{"speed":7.23,"deg":269.002},"snow":{"3h":0},"rain":{"3h":0.06},"sys":{"pod":"d"},"dt_txt":"2017-03-18 09:00:00"},{"dt":1489838400,"main":{"temp":279.873,"temp_min":279.873,"temp_max":279.873,"pressure":1008.55,"sea_level":1018.27,"grnd_level":1008.55,"humidity":82},"weather":[{"id":801,"main":"Clouds","description":"few clouds","icon":"02d"}],"clouds":{"all":12},"wind":{"speed":8.36,"deg":268.001},"snow":{"3h":0},"rain":{"3h":0},"sys":{"pod":"d"},"dt_txt":"2017-03-18 12:00:00"},{"dt":1489849200,"main":{"temp":278.61,"temp_min":278.61,"temp_max":278.61,"pressure":1009.7,"sea_level":1019.43,"grnd_level":1009.7,"humidity":77},"weather":[{"id":500,"main":"Rain","description":"light rain","icon":"10d"}],"clouds":{"all":88},"wind":{"speed":7.61,"deg":293.5},"snow":{"3h":0},"rain":{"3h":0.06},"sys":{"pod":"d"},"dt_txt":"2017-03-18 15:00:00"},{"dt":1489860000,"main":{"temp":274.799,"temp_min":274.799,"temp_max":274.799,"pressure":1011.61,"sea_level":1021.49,"grnd_level":1011.61,"humidity":75},"weather":[{"id":500,"main":"Rain","description":"light rain","icon":"10n"}],"clouds":{"all":0},"wind":{"speed":3.57,"deg":320.002},"snow":{"3h":0},"rain":{"3h":0.02},"sys":{"pod":"n"},"dt_txt":"2017-03-18 18:00:00"},{"dt":1489870800,"main":{"temp":270.144,"temp_min":270.144,"temp_max":270.144,"pressure":1012.71,"sea_level":1022.76,"grnd_level":1012.71,"humidity":86},"weather":[{"id":800,"main":"Clear","description":"sky is clear","icon":"01n"}],"clouds":{"all":0},"wind":{"speed":1.98,"deg":333.011},"snow":{"3h":0},"rain":{"3h":0},"sys":{"pod":"n"},"dt_txt":"2017-03-18 21:00:00"}]}